{
  "init": {
    "coef": 0.9992647279439736,
    "intercept": 1.6196420435051397
  },
  "acc": {
    "coef_i": 0.7986430286968279,
    "coef_f": 0.1742326404127691,
    "intercept": -0.7654628891556756
  }
}